id,nombre,apellido,email,telefono,direccion
1,Juan,García,juan.garcia1@gmail.com,-,Av. Corrientes 1234
4,Ana,Sánchez,ana.sanchez4@outlook.com,-,Calle Mitre 567
7,Pedro,Fernández,pedro.fernandez7@yahoo.com,-,Av. Santa Fe 890
10,Elena,Ruiz,elena.ruiz10@hotmail.com,-,Calle San Martín 234
13,Roberto,Moreno,roberto.moreno13@gmail.com,-,Av. Rivadavia 1567
16,Valentina,Álvarez,valentina.alvarez16@outlook.com,-,Calle Belgrano 345
19,Fernando,Domínguez,fernando.dominguez19@yahoo.com,-,Av. 9 de Julio 2800
22,Martina,Serrano,martina.serrano22@hotmail.com,-,Calle Florida 678
25,Alejandro,Castro,alejandro.castro25@gmail.com,-,Av. Callao 1234
28,Paola,Marín,paola.marin28@outlook.com,-,Calle Lavalle 456
31,David,Vega,david.vega31@yahoo.com,-,Av. Entre Ríos 789
34,Mónica,Mendoza,monica.mendoza34@hotmail.com,-,Calle Tucumán 123
37,Manuel,Ríos,manuel.rios37@gmail.com,-,Av. Córdoba 2345
40,Rosa,Guerrero,rosa.guerrero40@outlook.com,-,Calle Sarmiento 890
43,Nicolás,Reyes,nicolas.reyes43@yahoo.com,-,Av. Independencia 1234
46,Florencia,Espinoza,florencia.espinoza46@hotmail.com,-,Calle Reconquista 567
49,Gustavo,Rivas,gustavo.rivas49@gmail.com,-,Av. Pueyrredón 890
52,Viviana,Flores,viviana.flores52@outlook.com,-,Calle Arenales 234
55,Cristian,Vera,cristian.vera55@yahoo.com,-,Av. Las Heras 567
58,Lorena,Carrillo,lorena.carrillo58@hotmail.com,-,Calle Charcas 890
61,Dante,Salinas,dante.salinas61@gmail.com,-,Av. Cabildo 1234
64,Alicia,Bravo,alicia.bravo64@outlook.com,-,Calle Juramento 567
67,Ezequiel,Arias,ezequiel.arias67@yahoo.com,-,Av. Maipú 890
70,Irma,Castillo,irma.castillo70@hotmail.com,-,Calle Scalabrini Ortiz 234
73,Adrián,Rangel,adrian.rangel73@gmail.com,-,Av. Triunvirato 1567
76,Mariana,Bermúdez,mariana.bermudez76@outlook.com,-,Calle Concepción Arenal 345
79,Bruno,Pizarro,bruno.pizarro79@yahoo.com,-,Av. Forest 890
82,Teresa,Villanueva,teresa.villanueva82@hotmail.com,-,Calle Zapata 678
85,Ariel,Prieto,ariel.prieto85@gmail.com,-,Av. Álvarez Thomas 1234
88,Inés,Tapia,ines.tapia88@outlook.com,-,Calle Charlone 456
91,Lisandro,Palma,lisandro.palma91@yahoo.com,-,Av. Warnes 789
94,Brenda,Maldonado,brenda.maldonado@fibertel.com.ar,+54 9 342 444-7912,Belgrano 245
95,Miguel,Sosa,miguel.sosa@fibertel.com.ar,+54 9 342 413-4257,Salta 3437
96,Milagros,Medina,milagros.medina@gmail.com,+54 9 342 481-7924,Urquiza 2277
98,Franco,Benitez,franco.benitez@gmail.com,+54 9 342 635-9785,Mitre 3101
99,Gabriel,Campos,gabriel.campos@fibertel.com.ar,-,Rivadavia 376
100,Abril,Herrera,abril.herrera@gmail.com,+54 9 342 519-2654,Lavalle 2278
101,Micaela,Alvarez,micaela.alvarez@yahoo.com.ar,-,Moreno 585
104,Ricardo,Nunez,ricardo.nunez@yahoo.com.ar,+54 9 342 433-4456,Jujuy 2578
107,Diego,Sosa,diego.sosa@outlook.com,-,Mitre 1253
115,Tomas,Ibañez,tomas.ibañez@hotmail.com,+54 9 342 465-8787,Salta 1353
117,Yamila,Ortiz,yamila.ortiz@outlook.com,+54 9 342 664-8397,Mitre 2031
118,Paula,Rodriguez,paula.rodriguez@fibertel.com.ar,+54 9 342 683-4770,Jujuy 1805
119,Estefania,Campos,estefania.campos@gmail.com,+54 9 342 517-2104,Belgrano 2707
120,Julieta,Medina,julieta.medina@outlook.com,-,Sarmiento 4678
121,Julieta,Godoy,julieta.godoy@outlook.com,+54 9 342 497-2545,Mitre 3532
123,Pedro,Acosta,pedro.acosta@hotmail.com,+54 9 342 497-9786,Santa Fe 1149
124,Agustina,Vega,agustina.vega@hotmail.com,+54 9 342 438-8260,Salta 803
125,Matias,Gonzalez,matias.gonzalez@gmail.com,+54 9 342 521-3724,Entre Rios 3979
127,Carolina,Herrera,carolina.herrera@outlook.com,+54 9 342 684-8973,Sarmiento 1556
128,Ana,Pereyra,ana.pereyra@fibertel.com.ar,-,Belgrano 411
129,Ezequiel,Cabrera,ezequiel.cabrera@hotmail.com,+54 9 342 429-9320,Rivadavia 1523
130,Luis,Paez,luis.paez@hotmail.com,-,Jujuy 2017
131,Carlos,Vera,carlos.vera@gmail.com,+54 9 342 614-9565,Urquiza 2137
132,Estefania,Castro,estefania.castro@hotmail.com,+54 9 342 535-7484,Sarmiento 2458
133,Tomas,Martinez,tomas.martinez@gmail.com,+54 9 342 634-2638,Rivadavia 4405
134,Fernando,Romero,fernando.romero@yahoo.com.ar,+54 9 342 435-5002,Independencia 2335
136,Pedro,Romero,pedro.romero@yahoo.com.ar,+54 9 342 459-2753,Salta 1274
137,Franco,Ramirez,franco.ramirez@yahoo.com.ar,+54 9 342 504-5325,Tucuman 4003
139,Rodrigo,Benitez,rodrigo.benitez@hotmail.com,+54 9 342 626-8007,Salta 80
140,Maximiliano,Diaz,maximiliano.diaz@fibertel.com.ar,+54 9 342 418-7049,Jujuy 4527
141,Diego,Fernandez,diego.fernandez@yahoo.com.ar,-,Independencia 1721
145,Guillermo,Flores,guillermo.flores@hotmail.com,+54 9 342 635-6728,Corrientes 1865
146,Emiliano,Ruiz,emiliano.ruiz@outlook.com,+54 9 342 568-5564,Rivadavia 2287
147,Ezequiel,Nunez,ezequiel.nunez@fibertel.com.ar,+54 9 342 569-1452,Mitre 2140
148,Fernando,Fernandez,fernando.fernandez@gmail.com,-,Urquiza 3575
151,Paula,Vera,paula.vera@yahoo.com.ar,-,Tucuman 2534
152,Ricardo,Nunez,ricardo.nunez1@fibertel.com.ar,-,Entre Rios 3106
153,Camila,Vera,camila.vera@fibertel.com.ar,+54 9 342 554-7653,Salta 4
154,Lucia,Ferreyra,lucia.ferreyra@fibertel.com.ar,-,Santa Fe 3623
155,Ezequiel,Godoy,ezequiel.godoy@hotmail.com,+54 9 342 443-5649,Tucuman 2746
156,Tomas,Acosta,tomas.acosta@yahoo.com.ar,+54 9 342 515-4262,Sarmiento 201
160,Sofia,Vega,sofia.vega@hotmail.com,+54 9 342 637-9702,Salta 4878
162,Candela,Godoy,candela.godoy@outlook.com,+54 9 342 532-5050,Moreno 4271
163,Julieta,Medina,julieta.medina1@gmail.com,+54 9 342 546-4841,Moreno 2752
165,Luis,Aguirre,luis.aguirre@outlook.com,+54 9 342 569-9890,Santa Fe 3407
168,Victoria,Flores,victoria.flores@yahoo.com.ar,+54 9 342 623-8956,San Martin 3186
169,Brenda,Nunez,brenda.nunez@hotmail.com,+54 9 342 639-3091,Mendoza 4376
171,Camila,Lopez,camila.lopez@yahoo.com.ar,+54 9 342 594-6363,Alberdi 3725
172,Tomas,Silva,tomas.silva@yahoo.com.ar,+54 9 342 615-5133,Rivadavia 3853
174,Jose,Rodriguez,jose.rodriguez@fibertel.com.ar,-,Sarmiento 3880
175,Ignacio,Ramirez,ignacio.ramirez@outlook.com,-,9 de Julio 4964
176,Candela,Toledo,candela.toledo@gmail.com,+54 9 342 483-6096,Mitre 4741
177,Florencia,Peralta,florencia.peralta@outlook.com,-,Rivadavia 4851
178,Rodrigo,Acosta,rodrigo.acosta@gmail.com,+54 9 342 554-2983,Jujuy 337
180,Victoria,Garcia,victoria.garcia@outlook.com,+54 9 342 585-8532,Sarmiento 3568
182,Milagros,Medina,milagros.medina@yahoo.com.ar,+54 9 342 525-2419,Moreno 3693
185,Maximiliano,Medina,maximiliano.medina@fibertel.com.ar,+54 9 342 405-9464,Alberdi 702
187,Laura,Herrera,laura.herrera@hotmail.com,+54 9 342 607-4986,Corrientes 4765
188,Belen,Cabrera,belen.cabrera@yahoo.com.ar,+54 9 342 617-6419,Independencia 3718
191,Antonella,Luna,antonella.luna@yahoo.com.ar,+54 9 342 451-4180,Corrientes 1864
192,Florencia,Gonzalez,florencia.gonzalez@fibertel.com.ar,-,Belgrano 447
193,Maximiliano,Romero,maximiliano.romero@outlook.com,+54 9 342 452-1200,Jujuy 2330
198,Daniela,Suarez,daniela.suarez@fibertel.com.ar,+54 9 342 430-2625,Alberdi 1729
199,Laura,Alvarez,laura.alvarez@hotmail.com,+54 9 342 488-2229,9 de Julio 22
201,Maximiliano,Vega,maximiliano.vega@gmail.com,+54 9 342 519-5334,Jujuy 1621
202,Matias,Flores,matias.flores@hotmail.com,+54 9 342 536-3330,Rivadavia 489
203,Florencia,Luna,florencia.luna@fibertel.com.ar,-,Mitre 3840
204,Maximiliano,Nunez,maximiliano.nunez@yahoo.com.ar,+54 9 342 656-9847,Cordoba 3587
206,Ignacio,Pereyra,ignacio.pereyra@gmail.com,+54 9 342 537-1659,9 de Julio 3855
207,Federico,Medina,federico.medina@hotmail.com,+54 9 342 699-8141,Cordoba 748
208,Alejandro,Rojas,alejandro.rojas@yahoo.com.ar,-,Urquiza 3373
209,Gabriel,Ledesma,gabriel.ledesma@outlook.com,+54 9 342 681-1601,Santa Fe 722
210,Ricardo,Sanchez,ricardo.sanchez@outlook.com,+54 9 342 663-1018,Salta 3785
211,Jose,Cabrera,jose.cabrera@yahoo.com.ar,+54 9 342 655-8242,Belgrano 1668
213,Estefania,Alvarez,estefania.alvarez@yahoo.com.ar,+54 9 342 682-1224,Salta 3343
215,Alejandro,Godoy,alejandro.godoy@outlook.com,+54 9 342 524-8483,Salta 1185
218,Victoria,Diaz,victoria.diaz@outlook.com,-,Independencia 2724
219,Matias,Silva,matias.silva@outlook.com,+54 9 342 564-4090,Peron 4685
221,Yamila,Diaz,yamila.diaz@outlook.com,+54 9 342 418-3068,Tucuman 4835
222,Pedro,Gimenez,pedro.gimenez@gmail.com,+54 9 342 669-8486,San Martin 1181
223,Yamila,Diaz,yamila.diaz@gmail.com,-,Urquiza 3257
224,Paula,Paez,paula.paez@fibertel.com.ar,+54 9 342 594-6188,Cordoba 4433
226,Estefania,Garcia,estefania.garcia@outlook.com,+54 9 342 485-5906,San Martin 377
227,Ana,Herrera,ana.herrera@yahoo.com.ar,+54 9 342 591-8056,Sarmiento 2001
229,Ornella,Paez,ornella.paez@hotmail.com,-,Peron 3778
230,Carolina,Benitez,carolina.benitez@gmail.com,+54 9 342 638-5712,Salta 1295
231,Sebastian,Pereyra,sebastian.pereyra@yahoo.com.ar,+54 9 342 617-5097,Santa Fe 2475
232,Nicolas,Godoy,nicolas.godoy@gmail.com,-,Jujuy 2941
235,Miguel,Campos,miguel.campos@hotmail.com,+54 9 342 528-3240,Mitre 323
236,Federico,Fernandez,federico.fernandez@fibertel.com.ar,+54 9 342 586-3153,Rivadavia 2418
237,Alejandro,Torres,alejandro.torres@hotmail.com,+54 9 342 467-9837,Independencia 4349
238,Agustina,Alvarez,agustina.alvarez@yahoo.com.ar,+54 9 342 646-5835,Urquiza 944
239,Luis,Diaz,luis.diaz@hotmail.com,+54 9 342 603-6992,Rivadavia 3233
241,Micaela,Garcia,micaela.garcia@hotmail.com,+54 9 342 641-1410,Mendoza 4600
242,Ornella,Flores,ornella.flores@gmail.com,+54 9 342 637-5951,Entre Rios 956
243,Carlos,Suarez,carlos.suarez@outlook.com,+54 9 342 459-2592,Peron 4404
245,Ornella,Aguirre,ornella.aguirre@yahoo.com.ar,+54 9 342 416-7070,Alberdi 3633
246,Julieta,Ortiz,julieta.ortiz@gmail.com,+54 9 342 588-9920,Independencia 497
247,Jose,Sanchez,jose.sanchez@outlook.com,+54 9 342 446-4475,Mendoza 175
248,Paula,Acosta,paula.acosta@hotmail.com,+54 9 342 689-4362,Rivadavia 4541
250,Matias,Benitez,matias.benitez@hotmail.com,+54 9 342 456-1422,Sarmiento 122
251,Julieta,Pereyra,julieta.pereyra@yahoo.com.ar,+54 9 342 408-3854,Moreno 430
252,Alejandro,Cabrera,alejandro.cabrera@gmail.com,+54 9 342 432-8802,Santa Fe 2966
253,Pedro,Gimenez,pedro.gimenez@fibertel.com.ar,+54 9 342 513-1710,Tucuman 2471
255,Federico,Martinez,federico.martinez@gmail.com,+54 9 342 564-3430,Rivadavia 1034
256,Rodrigo,Pereyra,rodrigo.pereyra@fibertel.com.ar,+54 9 342 566-7240,Mendoza 4347
257,Ezequiel,Luna,ezequiel.luna@outlook.com,+54 9 342 450-2874,Salta 1762
258,Miguel,Aguirre,miguel.aguirre@yahoo.com.ar,+54 9 342 632-7532,Entre Rios 779
259,Ricardo,Ledesma,ricardo.ledesma@yahoo.com.ar,+54 9 342 591-3500,Cordoba 550
260,Laura,Perez,laura.perez@outlook.com,+54 9 342 449-7105,Sarmiento 4558
262,Leandro,Lopez,leandro.lopez@yahoo.com.ar,+54 9 342 559-6761,Mitre 4735
263,Valentina,Ledesma,valentina.ledesma@outlook.com,+54 9 342 514-2773,Independencia 4557
264,Tomas,Medina,tomas.medina@fibertel.com.ar,+54 9 342 515-8030,Salta 4561
267,Maria,Perez,maria.perez@fibertel.com.ar,+54 9 342 510-7163,Entre Rios 3717
268,Micaela,Suarez,micaela.suarez@yahoo.com.ar,+54 9 342 690-2391,Belgrano 1275
269,Ornella,Lopez,ornella.lopez@gmail.com,-,Entre Rios 3979
270,Alejandro,Medina,alejandro.medina@hotmail.com,+54 9 342 662-2864,Independencia 3522
271,Brenda,Paez,brenda.paez@fibertel.com.ar,+54 9 342 649-9633,Corrientes 373
273,Gabriel,Castro,gabriel.castro@gmail.com,+54 9 342 403-9149,Entre Rios 1440
275,Carlos,Ferreyra,carlos.ferreyra@gmail.com,+54 9 342 635-2275,Urquiza 4717
277,Martin,Vera,martin.vera@outlook.com,+54 9 342 585-2443,Entre Rios 868
278,Milagros,Nunez,milagros.nunez@fibertel.com.ar,+54 9 342 440-7484,Corrientes 2782
279,Abril,Alvarez,abril.alvarez@gmail.com,+54 9 342 661-2868,Tucuman 4178
280,Abril,Molina,abril.molina@yahoo.com.ar,+54 9 342 475-4871,Mitre 1200
282,Tomas,Pereyra,tomas.pereyra@outlook.com,+54 9 342 689-6295,Urquiza 1237
283,Guillermo,Gimenez,guillermo.gimenez@yahoo.com.ar,+54 9 342 540-1920,Independencia 4157
284,Carolina,Gimenez,carolina.gimenez@gmail.com,-,Corrientes 629
285,Laura,Vera,laura.vera@fibertel.com.ar,-,Santa Fe 4755
286,Candela,Fernandez,candela.fernandez@outlook.com,+54 9 342 692-4084,Urquiza 4957
287,Valentina,Lopez,valentina.lopez@outlook.com,-,Rivadavia 4134
288,Carlos,Acosta,carlos.acosta@outlook.com,+54 9 342 624-9586,Tucuman 4996
290,Yamila,Rojas,yamila.rojas@gmail.com,+54 9 342 568-2548,Salta 3167
291,Leandro,Ledesma,leandro.ledesma@fibertel.com.ar,-,Rivadavia 4774
292,Sebastian,Suarez,sebastian.suarez@outlook.com,+54 9 342 466-2388,Corrientes 4579
