nombre,apellido,email,telefono,direccion
Rodrigo,Sanchez,rodrigo.sanchez@gmail.com,+54 9 342 540-5012,
Brenda,Maldonado,brenda.maldonado@fibertel.com.ar,+54 9 342 444-7912,Belgrano 245
Miguel,Sosa,miguel.sosa@fibertel.com.ar,+54 9 342 413-4257,Salta 3437
Milagros,Medina,milagros.medina@gmail.com,+54 9 342 481-7924,Urquiza 2277
Tomas,Rojas,tomas.rojas@gmail.com,+54 9 342 447-7224,
Franco,Benitez,franco.benitez@gmail.com,+54 9 342 635-9785,Mitre 3101
Gabriel,Campos,gabriel.campos@fibertel.com.ar,,Rivadavia 376
Abril,Herrera,abril.herrera@gmail.com,+54 9 342 519-2654,Lavalle 2278
Micaela,Alvarez,micaela.alvarez@yahoo.com.ar,,Moreno 585
Martin,Ibañez,martin.ibañez@hotmail.com,,
Rodrigo,Quiroga,rodrigo.quiroga@fibertel.com.ar,+54 9 342 512-6313,
Ricardo,Nunez,ricardo.nunez@yahoo.com.ar,+54 9 342 433-4456,Jujuy 2578
Victoria,Nunez,victoria.nunez@outlook.com,+54 9 342 473-5339,
Matias,Benitez,matias.benitez@fibertel.com.ar,,
Diego,Sosa,diego.sosa@outlook.com,,Mitre 1253
Brenda,Ferreyra,brenda.ferreyra@fibertel.com.ar,,
Antonella,Benitez,antonella.benitez@fibertel.com.ar,+54 9 342 405-2876,
Paula,Sanchez,paula.sanchez@yahoo.com.ar,,
Leandro,Benitez,leandro.benitez@fibertel.com.ar,+54 9 342 491-9317,
Ezequiel,Luna,ezequiel.luna@hotmail.com,,
Antonella,Gonzalez,antonella.gonzalez@fibertel.com.ar,,
Florencia,Acosta,florencia.acosta@gmail.com,+54 9 342 523-2290,
Tomas,Ibañez,tomas.ibañez@hotmail.com,+54 9 342 465-8787,Salta 1353
Franco,Ferreyra,franco.ferreyra@hotmail.com,,
Yamila,Ortiz,yamila.ortiz@outlook.com,+54 9 342 664-8397,Mitre 2031
Paula,Rodriguez,paula.rodriguez@fibertel.com.ar,+54 9 342 683-4770,Jujuy 1805
Estefania,Campos,estefania.campos@gmail.com,+54 9 342 517-2104,Belgrano 2707
Julieta,Medina,julieta.medina@outlook.com,,Sarmiento 4678
Julieta,Godoy,julieta.godoy@outlook.com,+54 9 342 497-2545,Mitre 3532
Alejandro,Vega,alejandro.vega@gmail.com,+54 9 342 450-1993,
Pedro,Acosta,pedro.acosta@hotmail.com,+54 9 342 497-9786,Santa Fe 1149
Agustina,Vega,agustina.vega@hotmail.com,+54 9 342 438-8260,Salta 803
Matias,Gonzalez,matias.gonzalez@gmail.com,+54 9 342 521-3724,Entre Rios 3979
Rocio,Lopez,rocio.lopez@hotmail.com,,
Carolina,Herrera,carolina.herrera@outlook.com,+54 9 342 684-8973,Sarmiento 1556
Ana,Pereyra,ana.pereyra@fibertel.com.ar,,Belgrano 411
Ezequiel,Cabrera,ezequiel.cabrera@hotmail.com,+54 9 342 429-9320,Rivadavia 1523
Luis,Paez,luis.paez@hotmail.com,,Jujuy 2017
Carlos,Vera,carlos.vera@gmail.com,+54 9 342 614-9565,Urquiza 2137
Estefania,Castro,estefania.castro@hotmail.com,+54 9 342 535-7484,Sarmiento 2458
Tomas,Martinez,tomas.martinez@gmail.com,+54 9 342 634-2638,Rivadavia 4405
Fernando,Romero,fernando.romero@yahoo.com.ar,+54 9 342 435-5002,Independencia 2335
Matias,Toledo,matias.toledo@yahoo.com.ar,,
Pedro,Romero,pedro.romero@yahoo.com.ar,+54 9 342 459-2753,Salta 1274
Franco,Ramirez,franco.ramirez@yahoo.com.ar,+54 9 342 504-5325,Tucuman 4003
Ana,Perez,ana.perez@outlook.com,+54 9 342 541-1722,
Rodrigo,Benitez,rodrigo.benitez@hotmail.com,+54 9 342 626-8007,Salta 80
Maximiliano,Diaz,maximiliano.diaz@fibertel.com.ar,+54 9 342 418-7049,Jujuy 4527
Diego,Fernandez,diego.fernandez@yahoo.com.ar,,Independencia 1721
Emiliano,Garcia,emiliano.garcia@yahoo.com.ar,,
Julieta,Alvarez,julieta.alvarez@hotmail.com,+54 9 342 611-1406,
Alejandro,Ledesma,alejandro.ledesma@hotmail.com,,
Guillermo,Flores,guillermo.flores@hotmail.com,+54 9 342 635-6728,Corrientes 1865
Emiliano,Ruiz,emiliano.ruiz@outlook.com,+54 9 342 568-5564,Rivadavia 2287
Ezequiel,Nunez,ezequiel.nunez@fibertel.com.ar,+54 9 342 569-1452,Mitre 2140
Fernando,Fernandez,fernando.fernandez@gmail.com,,Urquiza 3575
Ezequiel,Sanchez,ezequiel.sanchez@outlook.com,+54 9 342 695-4114,
Juan,Cabrera,juan.cabrera@fibertel.com.ar,,
Paula,Vera,paula.vera@yahoo.com.ar,,Tucuman 2534
Ricardo,Nunez,ricardo.nunez1@fibertel.com.ar,,Entre Rios 3106
Camila,Vera,camila.vera@fibertel.com.ar,+54 9 342 554-7653,Salta 4
Lucia,Ferreyra,lucia.ferreyra@fibertel.com.ar,,Santa Fe 3623
Ezequiel,Godoy,ezequiel.godoy@hotmail.com,+54 9 342 443-5649,Tucuman 2746
Tomas,Acosta,tomas.acosta@yahoo.com.ar,+54 9 342 515-4262,Sarmiento 201
Guillermo,Vera,guillermo.vera@gmail.com,+54 9 342 633-7790,
Nicolas,Correa,nicolas.correa@outlook.com,+54 9 342 524-3417,
Miguel,Torres,miguel.torres@fibertel.com.ar,,
Sofia,Vega,sofia.vega@hotmail.com,+54 9 342 637-9702,Salta 4878
Tomas,Gimenez,tomas.gimenez@fibertel.com.ar,,
Candela,Godoy,candela.godoy@outlook.com,+54 9 342 532-5050,Moreno 4271
Julieta,Medina,julieta.medina1@gmail.com,+54 9 342 546-4841,Moreno 2752
Matias,Perez,matias.perez@hotmail.com,+54 9 342 477-4788,
Luis,Aguirre,luis.aguirre@outlook.com,+54 9 342 569-9890,Santa Fe 3407
Alejandro,Silva,alejandro.silva@fibertel.com.ar,,
Florencia,Bustos,florencia.bustos@outlook.com,,
Victoria,Flores,victoria.flores@yahoo.com.ar,+54 9 342 623-8956,San Martin 3186
Brenda,Nunez,brenda.nunez@hotmail.com,+54 9 342 639-3091,Mendoza 4376
Rocio,Pereyra,rocio.pereyra@fibertel.com.ar,,
Camila,Lopez,camila.lopez@yahoo.com.ar,+54 9 342 594-6363,Alberdi 3725
Tomas,Silva,tomas.silva@yahoo.com.ar,+54 9 342 615-5133,Rivadavia 3853
Matias,Lopez,matias.lopez@yahoo.com.ar,,
Jose,Rodriguez,jose.rodriguez@fibertel.com.ar,,Sarmiento 3880
Ignacio,Ramirez,ignacio.ramirez@outlook.com,,9 de Julio 4964
Candela,Toledo,candela.toledo@gmail.com,+54 9 342 483-6096,Mitre 4741
Florencia,Peralta,florencia.peralta@outlook.com,,Rivadavia 4851
Rodrigo,Acosta,rodrigo.acosta@gmail.com,+54 9 342 554-2983,Jujuy 337
Daniela,Ledesma,daniela.ledesma@yahoo.com.ar,+54 9 342 435-9289,
Victoria,Garcia,victoria.garcia@outlook.com,+54 9 342 585-8532,Sarmiento 3568
Antonella,Rios,antonella.rios@yahoo.com.ar,+54 9 342 675-8921,
Milagros,Medina,milagros.medina@yahoo.com.ar,+54 9 342 525-2419,Moreno 3693
Carolina,Peralta,carolina.peralta@fibertel.com.ar,,
Camila,Correa,camila.correa@hotmail.com,,
Maximiliano,Medina,maximiliano.medina@fibertel.com.ar,+54 9 342 405-9464,Alberdi 702
Alejandro,Correa,alejandro.correa@fibertel.com.ar,+54 9 342 523-8800,
Laura,Herrera,laura.herrera@hotmail.com,+54 9 342 607-4986,Corrientes 4765
Belen,Cabrera,belen.cabrera@yahoo.com.ar,+54 9 342 617-6419,Independencia 3718
Fernando,Flores,fernando.flores@gmail.com,,
Maximiliano,Torres,maximiliano.torres@hotmail.com,,
Antonella,Luna,antonella.luna@yahoo.com.ar,+54 9 342 451-4180,Corrientes 1864
Florencia,Gonzalez,florencia.gonzalez@fibertel.com.ar,,Belgrano 447
Maximiliano,Romero,maximiliano.romero@outlook.com,+54 9 342 452-1200,Jujuy 2330
Federico,Rojas,federico.rojas@hotmail.com,+54 9 342 426-5136,
Rocio,Correa,rocio.correa@gmail.com,+54 9 342 695-1878,
Florencia,Perez,florencia.perez@hotmail.com,+54 9 342 460-7818,
Miguel,Coronel,miguel.coronel@fibertel.com.ar,,
Daniela,Suarez,daniela.suarez@fibertel.com.ar,+54 9 342 430-2625,Alberdi 1729
Laura,Alvarez,laura.alvarez@hotmail.com,+54 9 342 488-2229,9 de Julio 22
Maximiliano,Luna,maximiliano.luna@outlook.com,+54 9 342 549-1534,
Maximiliano,Vega,maximiliano.vega@gmail.com,+54 9 342 519-5334,Jujuy 1621
Matias,Flores,matias.flores@hotmail.com,+54 9 342 536-3330,Rivadavia 489
Florencia,Luna,florencia.luna@fibertel.com.ar,,Mitre 3840
Maximiliano,Nunez,maximiliano.nunez@yahoo.com.ar,+54 9 342 656-9847,Cordoba 3587
Carlos,Ferreyra,carlos.ferreyra@yahoo.com.ar,,
Ignacio,Pereyra,ignacio.pereyra@gmail.com,+54 9 342 537-1659,9 de Julio 3855
Federico,Medina,federico.medina@hotmail.com,+54 9 342 699-8141,Cordoba 748
Alejandro,Rojas,alejandro.rojas@yahoo.com.ar,,Urquiza 3373
Gabriel,Ledesma,gabriel.ledesma@outlook.com,+54 9 342 681-1601,Santa Fe 722
Ricardo,Sanchez,ricardo.sanchez@outlook.com,+54 9 342 663-1018,Salta 3785
Jose,Cabrera,jose.cabrera@yahoo.com.ar,+54 9 342 655-8242,Belgrano 1668
Diego,Herrera,diego.herrera@outlook.com,+54 9 342 648-2989,
Estefania,Alvarez,estefania.alvarez@yahoo.com.ar,+54 9 342 682-1224,Salta 3343
Sofia,Vega,sofia.vega@gmail.com,+54 9 342 478-9165,
Alejandro,Godoy,alejandro.godoy@outlook.com,+54 9 342 524-8483,Salta 1185
Franco,Sosa,franco.sosa@hotmail.com,,
Ezequiel,Medina,ezequiel.medina@gmail.com,,
Victoria,Diaz,victoria.diaz@outlook.com,,Independencia 2724
Matias,Silva,matias.silva@outlook.com,+54 9 342 564-4090,Peron 4685
Abril,Aguirre,abril.aguirre@gmail.com,,
Yamila,Diaz,yamila.diaz@outlook.com,+54 9 342 418-3068,Tucuman 4835
Pedro,Gimenez,pedro.gimenez@gmail.com,+54 9 342 669-8486,San Martin 1181
Yamila,Diaz,yamila.diaz@gmail.com,,Urquiza 3257
Paula,Paez,paula.paez@fibertel.com.ar,+54 9 342 594-6188,Cordoba 4433
Luis,Acosta,luis.acosta@yahoo.com.ar,+54 9 342 516-2480,
Estefania,Garcia,estefania.garcia@outlook.com,+54 9 342 485-5906,San Martin 377
Ana,Herrera,ana.herrera@yahoo.com.ar,+54 9 342 591-8056,Sarmiento 2001
Ignacio,Paez,ignacio.paez@hotmail.com,,
Ornella,Paez,ornella.paez@hotmail.com,,Peron 3778
Carolina,Benitez,carolina.benitez@gmail.com,+54 9 342 638-5712,Salta 1295
Sebastian,Pereyra,sebastian.pereyra@yahoo.com.ar,+54 9 342 617-5097,Santa Fe 2475
Nicolas,Godoy,nicolas.godoy@gmail.com,,Jujuy 2941
Maximiliano,Herrera,maximiliano.herrera@gmail.com,,
Abril,Maldonado,abril.maldonado@gmail.com,+54 9 342 654-5689,
Miguel,Campos,miguel.campos@hotmail.com,+54 9 342 528-3240,Mitre 323
Federico,Fernandez,federico.fernandez@fibertel.com.ar,+54 9 342 586-3153,Rivadavia 2418
Alejandro,Torres,alejandro.torres@hotmail.com,+54 9 342 467-9837,Independencia 4349
Agustina,Alvarez,agustina.alvarez@yahoo.com.ar,+54 9 342 646-5835,Urquiza 944
Luis,Diaz,luis.diaz@hotmail.com,+54 9 342 603-6992,Rivadavia 3233
Matias,Sanchez,matias.sanchez@outlook.com,+54 9 342 588-5295,
Micaela,Garcia,micaela.garcia@hotmail.com,+54 9 342 641-1410,Mendoza 4600
Ornella,Flores,ornella.flores@gmail.com,+54 9 342 637-5951,Entre Rios 956
Carlos,Suarez,carlos.suarez@outlook.com,+54 9 342 459-2592,Peron 4404
Carolina,Ortiz,carolina.ortiz@fibertel.com.ar,+54 9 342 614-3531,
Ornella,Aguirre,ornella.aguirre@yahoo.com.ar,+54 9 342 416-7070,Alberdi 3633
Julieta,Ortiz,julieta.ortiz@gmail.com,+54 9 342 588-9920,Independencia 497
Jose,Sanchez,jose.sanchez@outlook.com,+54 9 342 446-4475,Mendoza 175
Paula,Acosta,paula.acosta@hotmail.com,+54 9 342 689-4362,Rivadavia 4541
Lucia,Flores,lucia.flores@yahoo.com.ar,,
Matias,Benitez,matias.benitez@hotmail.com,+54 9 342 456-1422,Sarmiento 122
Julieta,Pereyra,julieta.pereyra@yahoo.com.ar,+54 9 342 408-3854,Moreno 430
Alejandro,Cabrera,alejandro.cabrera@gmail.com,+54 9 342 432-8802,Santa Fe 2966
Pedro,Gimenez,pedro.gimenez@fibertel.com.ar,+54 9 342 513-1710,Tucuman 2471
Maria,Lopez,maria.lopez@outlook.com,+54 9 342 605-7984,
Federico,Martinez,federico.martinez@gmail.com,+54 9 342 564-3430,Rivadavia 1034
Rodrigo,Pereyra,rodrigo.pereyra@fibertel.com.ar,+54 9 342 566-7240,Mendoza 4347
Ezequiel,Luna,ezequiel.luna@outlook.com,+54 9 342 450-2874,Salta 1762
Miguel,Aguirre,miguel.aguirre@yahoo.com.ar,+54 9 342 632-7532,Entre Rios 779
Ricardo,Ledesma,ricardo.ledesma@yahoo.com.ar,+54 9 342 591-3500,Cordoba 550
Laura,Perez,laura.perez@outlook.com,+54 9 342 449-7105,Sarmiento 4558
Belen,Bravo,belen.bravo@yahoo.com.ar,,
Leandro,Lopez,leandro.lopez@yahoo.com.ar,+54 9 342 559-6761,Mitre 4735
Valentina,Ledesma,valentina.ledesma@outlook.com,+54 9 342 514-2773,Independencia 4557
Tomas,Medina,tomas.medina@fibertel.com.ar,+54 9 342 515-8030,Salta 4561
Emiliano,Quiroga,emiliano.quiroga@yahoo.com.ar,,
Sebastian,Gonzalez,sebastian.gonzalez@hotmail.com,+54 9 342 473-7566,
Maria,Perez,maria.perez@fibertel.com.ar,+54 9 342 510-7163,Entre Rios 3717
Micaela,Suarez,micaela.suarez@yahoo.com.ar,+54 9 342 690-2391,Belgrano 1275
Ornella,Lopez,ornella.lopez@gmail.com,,Entre Rios 3979
Alejandro,Medina,alejandro.medina@hotmail.com,+54 9 342 662-2864,Independencia 3522
Brenda,Paez,brenda.paez@fibertel.com.ar,+54 9 342 649-9633,Corrientes 373
Franco,Lopez,franco.lopez@gmail.com,+54 9 342 504-5938,
Gabriel,Castro,gabriel.castro@gmail.com,+54 9 342 403-9149,Entre Rios 1440
Matias,Toledo,matias.toledo@hotmail.com,,
Carlos,Ferreyra,carlos.ferreyra@gmail.com,+54 9 342 635-2275,Urquiza 4717
Rocio,Toledo,rocio.toledo@outlook.com,,
Martin,Vera,martin.vera@outlook.com,+54 9 342 585-2443,Entre Rios 868
Milagros,Nunez,milagros.nunez@fibertel.com.ar,+54 9 342 440-7484,Corrientes 2782
Abril,Alvarez,abril.alvarez@gmail.com,+54 9 342 661-2868,Tucuman 4178
Abril,Molina,abril.molina@yahoo.com.ar,+54 9 342 475-4871,Mitre 1200
Camila,Luna,camila.luna@hotmail.com,+54 9 342 438-3902,
Tomas,Pereyra,tomas.pereyra@outlook.com,+54 9 342 689-6295,Urquiza 1237
Guillermo,Gimenez,guillermo.gimenez@yahoo.com.ar,+54 9 342 540-1920,Independencia 4157
Carolina,Gimenez,carolina.gimenez@gmail.com,,Corrientes 629
Laura,Vera,laura.vera@fibertel.com.ar,,Santa Fe 4755
Candela,Fernandez,candela.fernandez@outlook.com,+54 9 342 692-4084,Urquiza 4957
Valentina,Lopez,valentina.lopez@outlook.com,,Rivadavia 4134
Carlos,Acosta,carlos.acosta@outlook.com,+54 9 342 624-9586,Tucuman 4996
Micaela,Herrera,micaela.herrera@outlook.com,+54 9 342 609-6543,
Yamila,Rojas,yamila.rojas@gmail.com,+54 9 342 568-2548,Salta 3167
Leandro,Ledesma,leandro.ledesma@fibertel.com.ar,,Rivadavia 4774
Sebastian,Suarez,sebastian.suarez@outlook.com,+54 9 342 466-2388,Corrientes 4579
